{
    "frequency_test": 0.042,
    "runs_test": {
        "runs": 497,
        "expected_runs": 500.118,
        "z_value": -0.1976474069387817,
        "p_value": 0.8433209410091662
    },
    "autocorrelation_lag_1": 0.007007007007007007,
    "entropy": 0.9987271686073539,
    "timestamp": "2025-03-22T15:43:41.124995"
}